productSKU,v2ProductName,v2ProductCategory,productPrice
9180748,Android Lunch Kit,(not set),0
9180749,Android Glass Water Bottle with Black Sleeve,(not set),0
9180750,Android 24 oz Contigo Bottle,(not set),0
9180751,Android 24 oz Contigo Bottle,(not set),0
9180752,Android 24 oz Contigo Bottle,(not set),0
9180755,Android Sticker Sheet Ultra Removable,(not set),0
9180756,Windup Android,(not set),0
9180757,Yoga Block,(not set),0
9180758,Straw Beach Mat,(not set),0
9180759,Google Lunch Bag,(not set),0
9180760,Electronics Accessory Pouch,(not set),0
9180761,Large Zipper Top Tote Bag,(not set),0
9180764,Google Canvas Tote Natural/Navy,(not set),0
9180766,Sport Bag,(not set),0
9180767,Google Slim Utility Travel Bag,(not set),0
9180769,Solo Pro Backpack,(not set),0
9180770,Yoga Mat Blue,(not set),0
9180771,Yoga Mat Purple,(not set),0
9180775,Google Pet Feeding Mat,(not set),0
9180778,Fashion Sunglasses & Pouch,(not set),0
9180779,1 oz Hand Sanitizer,(not set),0
9180780,Softsided Travel Pouch Set,(not set),0
9180781,Suitcase Organizer Cubes,(not set),0
9180782,Seat Pack Organizer,(not set),0
9180785,23 oz Wide Mouth Sport Bottle,(not set),0
9180788,Insulated Bottle,(not set),0
9180791,Insulated Bottle,(not set),0
9180792,20 oz Stainless Steel Insulated Tumbler,(not set),0
9180793,26 oz Double Wall Insulated Bottle,(not set),0
9180797,Google 22 oz Water Bottle,(not set),0
9180801,Engraved Ceramic Google Mug,(not set),0
9180802,Red Shine 15 oz Mug,(not set),0
9180803,4-in-1 Carabiner Charger,(not set),0
9180804,Metal Earbuds with Small Zipper Case,(not set),0
9180805,Grip Kit Cable Organizer,(not set),0
9180806,Clip-on Compact Charger,(not set),0
9180808,Basecamp Explorer Powerbank Flashlight,(not set),0
9180809,Google Flashlight,(not set),0
9180810,Rocket Flashlight,(not set),0
9180811,Plastic Sliding Flashlight,(not set),0
9180812,Google Power Bank,(not set),0
9180814,Micro Wireless Earbuds,(not set),0
9180815,Compact Bluetooth Speaker,(not set),0
9180816,UFO Bluetooth Water Resistant Speaker,(not set),0
9180818,Keyboard DOT Sticker,(not set),0
9180819,Google Laptop and Cell Phone Stickers,(not set),0
9180820,Google Doodle Decal,(not set),0
9180822,Compact Selfie Stick,(not set),0
9180824,Foam Can and Bottle Cooler,(not set),0
9180829,Google Sunglasses,(not set),0
9180833,Rubber Grip Ballpoint Pen 4 Pack,(not set),0
9180834,Ballpoint Pen & Matching Tube Case,(not set),0
9180837,Leather and Metal Ballpoint Pen,(not set),0
9180838,Metal Texture Roller Pen,(not set),0
9180840,Satin Black Ballpoint Pen,(not set),0
9180841,Executive Twist Ballpoint Pen,(not set),0
9180842,Maze Pen,(not set),0
9180844,Gunmetal Roller Ball Pen,(not set),0
9180848,Pen Pencil & Highlighter Set,(not set),0
9180850,Ballpoint Stylus Pen,(not set),0
9180854,Leatherette Journal,(not set),0
9180859,Red Spiral Google Notebook,(not set),0
9180860,Recycled Paper Journal Set,(not set),0
9180861,Recycled Mouse Pad,(not set),0
9180862,Galaxy Screen Cleaning Cloth,(not set),0
9180863,Grip Highlighter Pen 3 Pack,(not set),0
9180864,Spiral Notebook and Pen Set,(not set),0
9180865,Google Metallic Notebook Set,(not set),0
9180866,Badge Holder,(not set),0
9180875,YouTube Custom Decals,(not set),0
9180876,YouTube Leatherette Notebook Combo,(not set),0
9180905,Google Men's Long Sleeve Raglan Ocean Blue,(not set),0
9180958,Google Men's Short Sleeve Hero Tee Light Blue,(not set),0
9181019,Google Tri-blend Hoodie Grey,(not set),0
9181137,Google Alpine Style Backpack,(not set),0
9181138,Google Rucksack,(not set),0
9181139,Waterproof Backpack,(not set),0
9181140,Google Trucker Hat,(not set),0
9181148,Gift Card- $100.00,(not set),0
9181150,Gift Card - $250.00,(not set),0
9181152,YouTube Trucker Hat,(not set),0
9181570,Google Wool Heather Cap Heather/Navy,(not set),0
9181571,YouTube Wool Heather Cap Heather/Black,(not set),0
9181572,Android Wool Heather Cap Heather/Black,(not set),0
9181573,Google Snapback Hat Black,(not set),0
9181575,Google Stretch Fit Hat M/L Navy,(not set),0
9181664,Waterproof Gear Bag,(not set),0
9182173,Google Stylus Pen w/ LED Light,(not set),0
9182174,Android Journal Book Set,(not set),0
9182176,Android Women's Short Sleeve Badge Tee Dark Heather,(not set),0
9182180,Android Women's Short Sleeve Hero Tee Black,(not set),0
9182382,Google Men's Watershed Full Zip Hoodie Grey,(not set),0
9182383,Google Men's Watershed Full Zip Hoodie Grey,(not set),0
9182494,Google Women's Insulated Thermal Vest Navy,(not set),0
9182502,Google Women's Yoga Jacket Black,(not set),0
9182519,Google Men's Vintage Badge Tee Black,(not set),0
9182525,Google Men's Vintage Badge Tee White,(not set),0
9182531,Google Men's Vintage Badge Tee Green,(not set),0
9182537,Google Women's Vintage T-Shirt Black,(not set),0
9182538,Google Women's Hero V-Neck Tee White,(not set),0
9182539,Google Women's Short Sleeve V-Neck Tee Lavender,(not set),0
9182540,Google Women's Short Sleeve V-Neck Tee Stone,(not set),0
9182547,YouTube Men's Vintage Tee,(not set),0
9182553,YouTube Men's Vintage Henley,(not set),0
9182559,Android Men's Vintage Henley,(not set),0
9182569,Google Men's  Zip Hoodie,(not set),0
9182575,Android Men's  Zip Hoodie,(not set),0
9182581,Google Women's Fleece Hoodie,(not set),0
9182587,Android Women's Fleece Hoodie,(not set),0
9182588,Android Women's Fleece Hoodie,(not set),0
9182593,Google Men's Pullover Hoodie Grey,(not set),0
9182599,Google Women's Long Sleeve Tee Lavender,(not set),0
9182629,Google  Women's Muscle Tee,(not set),0
9182635,Google Women's Short Sleeve V-Neck Tee Black,(not set),0
9182653,Google Women's Short Sleeve Shirt Dark Grey,(not set),0
9182658,Google Women's Short Sleeve Hero Tee Sky Blue,(not set),0
9182663,Google Women's Short Sleeve Badge Tee Red Heather,(not set),0
9182668,YouTube Men's 3/4 Sleeve Henley,(not set),0
9182686,Google Women's V-Neck Tee Grey,(not set),0
9182699,Insulated Bottle,(not set),0
9182700,Android Men's 3/4 Sleeve Raglan Henley Black,(not set),0
9182701,Android Men's Long Sleeve Badge Crew Tee Heather,(not set),0
9182707,Android Heavyweight Long Sleeve Badge Tee Black,(not set),0
9182709,Android Women's Long Sleeve Blended Cardigan Grey,(not set),0
9182713,Google 3/4 Sleeve Raglan Badge Henley Black,(not set),0
9182714,Google Men's Long Sleeve Raglan Ocean Blue,(not set),0
9182716,Google Men's Long Sleeve Pullover Badge Tee Heather,(not set),0
9182717,Google Men's Short Sleeve Hero Tee Light Blue,(not set),0
9182719,Google Men's Short Sleeve Hero Tee Charcoal,(not set),0
9182720,Google Men's Short Sleeve Badge Tee Charcoal,(not set),0
9182721,Google Men's 100% Cotton Short Sleeve Hero Tee Black,(not set),0
9182722,Google Men's 100% Cotton Short Sleeve Hero Tee Navy,(not set),0
9182723,Google Men's 100% Cotton Short Sleeve Hero Tee White,(not set),0
9182724,Google Men's 100% Cotton Short Sleeve Hero Tee Red,(not set),0
9182725,Google Men's Skater Tee Grey,(not set),0
9182726,Google Men's Skater Tee Charcoal,(not set),0
9182732,Google Stretch Fit Hat,(not set),0
9182735,Google Heavyweight Long Sleeve Hero Tee Burgundy,(not set),0
9182736,Google Heavyweight Long Sleeve Hero Tee Navy,(not set),0
9182737,Google Women's 3/4 Sleeve Baseball Raglan Heather/Black,(not set),0
9182739,Google Men's Watershed Full Zip Hoodie Grey,(not set),0
9182740,Google Men's Airflow 1/4 Zip Pullover Black,(not set),0
9182741,Google Men's Airflow 1/4 Zip Pullover Lapis,(not set),0
9182742,Google Men's Convertible Vest-Jacket Pewter,(not set),0
9182743,Google Men's Microfiber 1/4 Zip Pullover Blue/Indigo,(not set),0
9182744,Google Men's Microfiber 1/4 Zip Pullover Grey/Black,(not set),0
9182745,Google Men's Quilted Insulated Vest Black,(not set),0
9182746,Google Men's Quilted Insulated Vest Battleship Grey,(not set),0
9182748,Google Men's Short Sleeve Performance Badge Tee Pewter,(not set),0
9182749,Google Men's Short Sleeve Performance Badge Tee Navy,(not set),0
9182750,Google Men's Performance 1/4 Zip Pullover Heather/Black,(not set),0
9182751,Google Men's Performance Full Zip Jacket Black,(not set),0
9182752,Google Men's Short Sleeve Performance Badge Tee Charcoal,(not set),0
9182753,Google Men's Weatherblock Shell Jacket Black,(not set),0
9182754,Google Men's Softshell Jacket Black/Grey,(not set),0
9182755,Google Men's Colorblock Tee White/Heather,(not set),0
9182757,Google Men's Performance Polo Grey/Black,(not set),0
9182760,Google Women's Insulated Thermal Vest Navy,(not set),0
9182761,Google Women's Yoga Jacket Black,(not set),0
9182762,Google Women's 1/4 Zip Performance Pullover Black,(not set),0
9182764,Google Women's Convertible Vest-Jacket Black,(not set),0
9182765,Google Women's Convertible Vest-Jacket Sea Foam Green,(not set),0
9182767,Google Women's Quilted Insulated Vest White,(not set),0
9182768,Google Women's Short Sleeve Performance Tee Black,(not set),0
9182769,Google Women's Short Sleeve Performance Tee Pewter,(not set),0
9182771,Google Women's 1/4 Zip Jacket Charcoal,(not set),0
9182772,Google Women's Performance Full Zip Jacket Black,(not set),0
9182773,Google Women's Short Sleeve Performance Tee Charcoal,(not set),0
9182774,Google Women's Yoga Pants,(not set),0
9182775,Google Women's Zip Hoodie Grey,(not set),0
9182776,Google Women's Weatherblock Shell Jacket Black,(not set),0
9182777,Google Women's Performance Golf Polo Blue,(not set),0
9182778,Google Women's Softshell Jacket Black/Grey,(not set),0
9182779,Google Women's Colorblock Tee White,(not set),0
9182780,Google Women's Shell Jacket Blue/Black,(not set),0
9182781,Google Women's Short Sleeve Hero Tee Black,(not set),0
9182782,Google Women's Short Sleeve Hero Tee Grey,(not set),0
9182783,Google Women's Short Sleeve Badge Tee Grey,(not set),0
9182784,Google Women's Short Sleeve Hero Tee White,(not set),0
9182785,Google Women's Lightweight Microfleece Jacket,(not set),0
9182788,Yoga Mat,(not set),0
9182790,YouTube Men's Long Sleeve Pullover Badge Tee Heather,(not set),0
9182791,YouTube Men's Short Sleeve Hero Tee Charcoal,(not set),0
9182792,YouTube Men's Short Sleeve Hero Tee Black,(not set),0
9182797,YouTube Women's Short Sleeve Crew Tee,(not set),0
9182798,YouTube Women's Short Sleeve Tri-blend Badge Tee Grey,(not set),0
9182799,YouTube Women's Short Sleeve Tri-blend Badge Tee Charcoal,(not set),0
9182800,Google Onesie Royal Blue,(not set),0
9182806,Google Onesie Green,(not set),0
9182812,Google Infant Zip Hood Pink,(not set),0
9182816,Google Infant Zip Hood Royal Blue,(not set),0
9182820,Google Baby Essentials Set,(not set),0
9182824,Android Baby Essentials Baby Set,(not set),0
9182828,Google Toddler Short Sleeve T-shirt Royal Blue,(not set),0
9182838,Google Toddler Short Sleeve T-shirt Yellow,(not set),0
9182843,Google Toddler Short Sleeve T-shirt Grey,(not set),0
9182848,Google Toddler Hoodie Royal Blue,(not set),0
9182854,Google Toddler 1/4 Zip Fleece Pewter,(not set),0
9182857,Google Toddler 1/4 Zip Fleece Pewter,(not set),0
9182859,Google Toddler Raglan Shirt Blue Heather/Navy,(not set),0
9182863,Google Toddler Sports T-shirt Red,(not set),0
9182883,Google Youth Short Sleeve T-shirt Royal Blue,(not set),0
9182898,Android Youth Short Sleeve T-shirt Aqua,(not set),0
9182967,Google Adult Tee Fruit Games Cherries,(not set),0
9182977,Google Adult Tee Fruit Games Pineapple,(not set),0
9182981,Google Women's Short Sleeve Hero Tee Red Heather,(not set),0
9182994,Android 17oz Stainless Steel Sport Bottle,(not set),0
9182995,Google Car Clip Phone Holder,(not set),0
9182996,Google Device Stand,(not set),0
9182997,Google 17oz Stainless Steel Sport Bottle,(not set),0
9182998,Google PowerKit,(not set),0
9182999,Google Bongo Cupholder Bluetooth Speaker,(not set),0
9183000,Google Pocket Bluetooth Speaker,(not set),0
9183002,Google Twill Cap,(not set),0
9183003,Google Men's Bayside Graphic Tee,(not set),0
9183015,YouTube Onesie Heather,(not set),0
9183052,Android Onesie Sprout Green,(not set),0
9183101,Google Youth Girl Hoodie,(not set),0
9183106,Google Women's Performance Hero Tee Gunmetal,(not set),0
9183112,YouTube Men's Fleece Hoodie Black,(not set),0
9183118,YouTube Women's Fleece Hoodie Black,(not set),0
9183147,Google Toddler Short Sleeve Tee Red,(not set),0
9183152,Google Youth Short Sleeve Tee Red,(not set),0
9183167,Google Men's Short Sleeve Hero Tee Heather,(not set),0
9183185,Google Bluetooth Headphones,(not set),0
9183186,Google G Noise-reducing Bluetooth Headphones,(not set),0
9183187,Google Bluetooth Speaker-Power Bank,(not set),0
9183188,"Google High Capacity 10,400mAh Charger",(not set),0
9183189,Digital Lightshow Smart Speaker and Notification Center,(not set),0
9183190,Google Phone Sanitizer,(not set),0
9183191,Google 40 oz Insulated Monster Bottle,(not set),0
9183193,Google Accent Insulated Stainless Steel Bottle,(not set),0
9183194,Google Executive Umbrella,(not set),0
9183195,Google 2200mAh Micro Charger,(not set),0
9183196,Google 4400mAh Power Bank,(not set),0
9183197,Google Bib Red,(not set),0
9183198,Google Bib White,(not set),0
9183202,Android Stretch Fit Hat Black,(not set),0
9183203,Google Device Holder Sticky Pad,(not set),0
9183204,Android Twill Cap,(not set),0
9183205,Google Zipper-front Sports Bag,(not set),0
9183210,Google RFID Journal,(not set),0
9183211,YouTube RFID Journal,(not set),0
9183212,Android RFID Journal,(not set),0
9183213,Android Hard Cover Journal,(not set),0
9183216,Android Spiral Journal with Pen,(not set),0
9183219,Google Leather Journal,(not set),0
9183220,Google Leather Journal-Brown,(not set),0
9183221,Google Leather Journal-Black,(not set),0
9183222,Google Leather Perforated Journal,(not set),0
9183223,Google Spiral Leather Journal,(not set),0
9183224,YouTube Luggage Tag,(not set),0
9183225,Google Luggage Tag,(not set),0
9183226,Android Luggage Tag,(not set),0
9183228,Nest® Cam Indoor Security Camera - USA,(not set),0
9183229,Nest® Cam Outdoor Security Camera - USA,(not set),0
9183230,Nest® Protect Smoke + CO White Battery Alarm-USA,(not set),0
9183234,Nest® Learning Thermostat 3rd Gen-USA - Stainless Steel,(not set),0
9183235,Google Collapsible Duffel,(not set),0
9183236,Google Collapsible Duffel Black,(not set),0
9183237,Google Collapsible Duffel Blue,(not set),0
9183238,Google Laptop Tech Backpack,(not set),0
9183239,25L Classic Rucksack,(not set),0
9183240,25L Classic Rucksack,(not set),0
9183241,25L Classic Rucksack,(not set),0
9184618,Google Women's Zip Hoodie Grey,(not set),0
9184620,Google Men's Performance Full Zip Jacket Black,(not set),0
9184626,Google 5-Panel Snapback Cap,(not set),0
9184675,UpCycled Bike Saddle Bag,(not set),0
9184676,UpCycled Handlebar Bag,(not set),0
9184677,Google 25 oz Red Stainless Steel Bottle,(not set),0
9184681,Google 17 oz Double Wall Stainless Steel Insulated Bottle,(not set),0
9184682,Waze Mobile Phone Vent Mount,(not set),0
9184689,Waze Men's Short Sleeve Tee,(not set),0
9184697,Waze Mood Original Window Decal,(not set),0
9184698,Waze Mood Ninja Window Decal,(not set),0
9184705,Waze Women's Typography Short Sleeve Tee,(not set),0
9184711,Waze Women's Typography Short Sleeve Tee,(not set),0
9184718,Waze Dress Socks,(not set),0
9184720,Google Women's Short Sleeve Hero Tee Sky Blue,(not set),0
9184721,BLM Sweatshirt,(not set),0
9184732,Women's Performance Full Zip Jacket Black,(not set),0
9184733,Nest® Learning Thermostat 3rd Gen-USA - White,(not set),0
9184734,Nest® Learning Thermostat 3rd Gen-USA - Copper,(not set),0
9184735,Nest® Learning Thermostat 3rd Gen-USA,(not set),0
9184737,Waze Pack of 9 Decal Set,(not set),0
GGOEA0CH077599,Android Hard Cover Journal,Home/Office/Notebooks & Journals/,14990000
GGOEAAAB034813,Android BTTF Cosmos Graphic Tee,(not set),19990000
GGOEAAAB034815,Android BTTF Cosmos Graphic Tee,(not set),19990000
GGOEAAAB034913,Android BTTF Moonshot Graphic Tee,Apparel,19990000
GGOEAAAB034915,Android BTTF Moonshot Shirt,(not set),13590000
GGOEAAAB034916,Android BTTF Moonshot Graphic Tee,Apparel,19990000
GGOEAAAJ031917,Android Men's Short Sleeve Hero Tee Heather,(not set),18990000
GGOEAAAJ032416,Android Men's Short Sleeve Tri-blend Hero Tee Grey,Apparel,13290000
GGOEAAAJ032913,Android Men's Long & Lean Badge Tee Charcoal,Apparel,6000000
GGOEAAAJ032916,Android Men's Long & Lean Badge Tee Charcoal,(not set),6000000
GGOEAAAJ080813,Android Men's Engineer Short Sleeve Tee Charcoal,Apparel,19990000
GGOEAAAQ032014,Android Men's Short Sleeve Hero Tee White,Apparel,16990000
GGOEAAAQ032016,Android Men's Short Sleeve Hero Tee White,Apparel,16990000
GGOEAAAQ032017,Android Men's Short Sleeve Hero Tee White,Apparel,16990000
GGOEAAEB031614,Android Men's 3/4 Sleeve Raglan Henley Black,(not set),29990000
GGOEAAEB031615,Android Men's 3/4 Sleeve Raglan Henley Black,(not set),24990000
GGOEAAEJ030913,Android Women's Long Sleeve Blended Cardigan Grey,(not set),20990000
GGOEAAEJ033413,Android Men's Long Sleeve Badge Crew Tee Heather,Apparel,8400000
GGOEAAEJ035713,Android Men's Vintage Tank,(not set),10500000
GGOEAAEJ035714,Android Men's Vintage Tank,(not set),14690000
GGOEAAFB035914,Android Men's  Zip Hoodie,Apparel,44790000
GGOEAAQB036113,Android Women's Fleece Hoodie,(not set),55990000
GGOEAAWC061648,Android Onesie Baby Blue,Apparel,23990000
GGOEAAWC061653,Android Onesie Baby Blue,(not set),23990000
GGOEAAWH061553,Android Onesie Sprout Green,Apparel,19190000
GGOEAAWN062648,Android Infant Short Sleeve Tee Pink,(not set),16990000
GGOEAAWN062649,Android Infant Short Sleeve Tee Pink,(not set),13590000
GGOEAAWT061748,Android Onesie Gold,Apparel,19190000
GGOEAAXN066329,Android Toddler Short Sleeve T-shirt Pink,Apparel,16990000
GGOEAAYC068724,Android Youth Short Sleeve T-shirt Aqua,Apparel,15190000
GGOEAAYJ068856,Android Youth Short Sleeve T-shirt Pewter,Apparel,15190000
GGOEACCQ017299,Android Lunch Kit,Home/Accessories/,17990000
GGOEADHB014799,Android Glass Water Bottle with Black Sleeve,Home/Drinkware/,12990000
GGOEADHH055999,22 oz Android Bottle,Home/Drinkware/Water Bottles and Tumblers/,2990000
GGOEADHH073999,Android 17oz Stainless Steel Sport Bottle,Home/Drinkware/Water Bottles and Tumblers/,18990000
GGOEADHH082399,Android 25 oz Green Apple Stainless Steel Bottle,Home/Drinkware/Water Bottles and Tumblers/,11190000
GGOEADHJ015599,Android 24 oz Contigo Bottle,(not set),23990000
GGOEADWQ015699,Android Rise 14 oz Mug,Home/Shop by Brand/,12990000
GGOEAFKQ020499,8 pc Android Sticker Sheet,Home/Accessories/Stickers/,1990000
GGOEAFKQ020599,Android Sticker Sheet Ultra Removable,Home/Accessories/Stickers/,2990000
GGOEAHPA004110,Android Wool Heather Cap Heather/Black,Home/Apparel/,24990000
GGOEAHPB076114,Android Stretch Fit Hat,(not set),12310000
GGOEAHPB080210,Android 5-Panel Low Cap,Home/Shop by Brand/Android/,18990000
GGOEAHPJ004314,Android Stretch Fit Hat M/L,(not set),8800000
GGOEAHPJ074410,Android Twill Cap,Home/Apparel/,10990000
GGOEAKDH019899,Windup Android,Home/Accessories/Fun/,3990000
GGOEAOBH078799,Android Luggage Tag,Home/Accessories/Fun/,8990000
GGOEAOCB077499,Android RFID Journal,Home/Office/Notebooks & Journals/,19990000
GGOEAOCH014199,Android Journal Book Set,Home/Office/Notebooks & Journals/,8990000
GGOEAOCH077899,Android Spiral Journal with Pen,Home/Office/,9990000
GGOEAXXX0808,Android Men's Engineer Short Sleeve Tee Charcoal,Home/Apparel/Men's/Men's-T-Shirts/,19990000
GGOEAXXX0809,Android Lifted Men's Short Sleeve Tee Blue,Home/Apparel/Men's/Men's-T-Shirts/,19990000
GGOEAXXX0810,Android Men's Outerstellar Short Sleeve Tee Black,Home/Apparel/Men's/,19990000
GGOEAXXX0812,Android Men's Take Charge Short Sleeve Tee Purple,Home/Apparel/Men's/,19990000
GGOEAXXX0833,Android Men's Paradise Short Sleeve Tee Olive,${escCatTitle},19990000
GGOEGAAB010513,Google Men's 100% Cotton Short Sleeve Hero Tee Black,Apparel,16990000
GGOEGAAB010514,Google Men's 100% Cotton Short Sleeve Hero Tee Black,(not set),16990000
GGOEGAAB010515,Google Men's 100% Cotton Short Sleeve Hero Tee Black,(not set),16990000
GGOEGAAB010516,Google Men's 100% Cotton Short Sleeve Hero Tee Black,(not set),13590000
GGOEGAAB010517,Google Men's 100% Cotton Short Sleeve Hero Tee Black,Apparel,16990000
GGOEGAAB033813,Google Men's Vintage Badge Tee Black,Apparel,18990000
GGOEGAAB033814,Google Men's Vintage Badge Tee Black,Apparel,18980000
GGOEGAAB033815,Google Men's Vintage Badge Tee Black,Apparel,18990000
GGOEGAAB058915,Google Men's Short Sleeve Performance Badge Tee Black,Apparel,17590000
GGOEGAAB058918,Google Men's Short Sleeve Performance Badge Tee Black,Apparel,21990000
GGOEGAAC032117,Google Men's Short Sleeve Hero Tee Light Blue,Apparel,37980000
GGOEGAAC035016,Google Men's Bayside Graphic Tee,(not set),19990000
GGOEGAAH034014,Google Men's Vintage Badge Tee Sage,Apparel,13290000
GGOEGAAJ032315,Google Men's Short Sleeve Hero Tee Charcoal,Apparel,15190000
GGOEGAAJ032316,Google Men's Short Sleeve Hero Tee Charcoal,(not set),18990000
GGOEGAAJ032317,Google Men's Short Sleeve Hero Tee Charcoal,Apparel,18990000
GGOEGAAJ032716,Google Men's Long & Lean Tee Grey,Apparel,9990000
GGOEGAAJ032816,Google Men's Long & Lean Tee Charcoal,(not set),6000000
GGOEGAAJ059113,Google Men's Short Sleeve Performance Badge Tee Pewter,Apparel,8800000
GGOEGAAJ059114,Google Men's Short Sleeve Performance Badge Tee Pewter,(not set),8800000
GGOEGAAJ073014,Google Men's Performance Hero Tee Gunmetal,Apparel,21990000
GGOEGAAJ073015,Google Men's Performance Hero Tee Gunmetal,(not set),12310000
GGOEGAAJ073016,Google Men's Performance Hero Tee Gunmetal,Apparel,17590000
GGOEGAAJ080613,Google Men's Bike Short Sleeve Tee Charcoal,Apparel,15990000
GGOEGAAJ080614,Google Men's Bike Short Sleeve Tee Charcoal,Apparel,39980000
GGOEGAAJ080615,Google Men's Bike Short Sleeve Tee Charcoal,Apparel,15990000
GGOEGAAJ080616,Google Men's Bike Short Sleeve Tee Charcoal,Apparel,19990000
GGOEGAAL010614,Google Men's 100% Cotton Short Sleeve Hero Tee Navy,(not set),33980000
GGOEGAAL010615,Google Men's 100% Cotton Short Sleeve Hero Tee Navy,(not set),16990000
GGOEGAAL010616,Google Men's 100% Cotton Short Sleeve Hero Tee Navy,(not set),16990000
GGOEGAAL010617,Google Men's 100% Cotton Short Sleeve Hero Tee Navy,Apparel,16990000
GGOEGAAL059013,Google Men's Short Sleeve Performance Badge Tee Navy,(not set),15390000
GGOEGAAL059014,Google Men's Short Sleeve Performance Badge Tee Navy,Apparel,17590000
GGOEGAAQ010413,Google Men's 100% Cotton Short Sleeve Hero Tee White,(not set),13590000
GGOEGAAQ010414,Google Men's 100% Cotton Short Sleeve Hero Tee White,Apparel,16990000
GGOEGAAQ010415,Google Men's 100% Cotton Short Sleeve Hero Tee White,Apparel,16990000
GGOEGAAQ010416,Google Men's 100% Cotton Short Sleeve Hero Tee White,(not set),13590000
GGOEGAAQ010417,Google Men's 100% Cotton Short Sleeve Hero Tee White,Apparel,16990000
GGOEGAAQ033913,Google Men's Vintage Badge Tee White,Apparel,18990000
GGOEGAAQ033914,Google Men's Vintage Badge Tee White,(not set),13290000
GGOEGAAQ057216,Google Men's Colorblock Tee White/Heather,Apparel,34990000
GGOEGAAR010714,Google Men's 100% Cotton Short Sleeve Hero Tee Red,(not set),50970000
GGOEGAAR010716,Google Men's 100% Cotton Short Sleeve Hero Tee Red,(not set),50970000
GGOEGAAR010717,Google Men's 100% Cotton Short Sleeve Hero Tee Red,Apparel,16990000
GGOEGAAX0031,Google Stretch Fit Hat,Home/Apparel/Headgear/,21990000
GGOEGAAX0037,Google Sunglasses,Home/Accessories/Fun/,3500000
GGOEGAAX0042,Android Stretch Fit Hat,Home/Apparel/Headgear/,21990000
GGOEGAAX0074,Google 22 oz Water Bottle,Home/Drinkware/Water Bottles and Tumblers/,2990000
GGOEGAAX0081,Recycled Paper Journal Set,Home/Office/Notebooks & Journals/,3990000
GGOEGAAX0098,7&quot; Dog Frisbee,Home/Lifestyle/,1500000
GGOEGAAX0104,Google Men's 100% Cotton Short Sleeve Hero Tee White,Home/Apparel/Men's/Men's-T-Shirts/,16990000
GGOEGAAX0105,Google Men's 100% Cotton Short Sleeve Hero Tee Black,Home/Apparel/Men's/Men's-T-Shirts/,16990000
GGOEGAAX0106,Google Men's 100% Cotton Short Sleeve Hero Tee Navy,Home/Apparel/Men's/Men's-T-Shirts/,16990000
GGOEGAAX0107,Google Men's 100% Cotton Short Sleeve Hero Tee Red,Home/Apparel/Men's/Men's-T-Shirts/,16990000
GGOEGAAX0127,Android 24 oz Contigo Bottle,Home/Drinkware/Water Bottles and Tumblers/,23990000
GGOEGAAX0168,Google Pet Feeding Mat,Home/Lifestyle/,6990000
GGOEGAAX0213,Yoga Mat,Home/Lifestyle/,26990000
GGOEGAAX0228,Insulated Bottle,Home/Drinkware/,21990000
GGOEGAAX0231,Collapsible Pet Bowl,Home/Lifestyle/,4990000
GGOEGAAX0278,Google Women's Short Sleeve Hero Tee Black,Home/Apparel/Women's/,13590000
GGOEGAAX0279,Google Women's Short Sleeve Hero Tee White,Home/Apparel/Women's/,13590000
GGOEGAAX0280,Google Women's Short Sleeve Hero Tee Grey,Home/Apparel/Women's/,13590000
GGOEGAAX0281,Google Women's Short Sleeve Badge Tee Grey,Home/Apparel/Women's/Women's-T-Shirts/,16990000
GGOEGAAX0282,Android Women's Short Sleeve Badge Tee Dark Heather,Home/Apparel/,16990000
GGOEGAAX0283,Android Women's Short Sleeve Hero Tee Black,Home/Apparel/,16990000
GGOEGAAX0284,Women's YouTube Short Sleeve Hero Tee Black,Home/Shop by Brand/YouTube/,16990000
GGOEGAAX0285,Google  Women's Muscle Tee,Home/Apparel/Women's/Women's-T-Shirts/,18990000
GGOEGAAX0286,Google Women's Short Sleeve Hero V-Neck Tee Black,Home/Apparel/Women's/Women's-T-Shirts/,13590000
GGOEGAAX0287,Google Women's Short Sleeve V-Neck Tee Dark Grey,Home/Apparel/,16990000
GGOEGAAX0288,Google Women's Short Sleeve Shirt Light Grey,Home/Apparel/Women's/Women's-T-Shirts/,18990000
GGOEGAAX0289,Google Women's Short Sleeve Hero Dark Grey,Home/Apparel/Women's/,15190000
GGOEGAAX0290,YouTube Women's Short Sleeve Crew Tee,Home/Shop by Brand/YouTube/,18990000
GGOEGAAX0291,Google Women's Short Sleeve Hero Tee Sky Blue,Home/Apparel/Women's/,15190000
GGOEGAAX0292,Google Women's Short Sleeve Badge Tee Red Heather,Home/Apparel/Women's/Women's-T-Shirts/,15190000
GGOEGAAX0293,Android Women's Short Sleeve Tri-blend Badge Tee Light Grey,Home/Apparel/Women's/Women's-T-Shirts/,18990000
GGOEGAAX0294,Android Women's Short Sleeve Tri-blend Badge Tee Light Blue,Home/Apparel/Women's/Women's-T-Shirts/,18990000
GGOEGAAX0295,YouTube Women's Short Sleeve Tri-blend Badge Tee Charcoal,Home/Shop by Brand/YouTube/,18990000
GGOEGAAX0296,YouTube Women's Short Sleeve Tri-blend Badge Tee Grey,Home/Shop by Brand/YouTube/,18990000
GGOEGAAX0297,Google Women's Short Sleeve Hero Tee Red Heather,Home/Apparel/Women's/,15190000
GGOEGAAX0298,Google Women's V-Neck Tee Grey,Home/Apparel/Women's/Women's-T-Shirts/,18990000
GGOEGAAX0299,Google Women's V-Neck Tee Charcoal,Home/Apparel/Women's/Women's-T-Shirts/,18990000
GGOEGAAX0300,YouTube Women's Racer Back Tank Black,Home/Shop by Brand/YouTube/,18990000
GGOEGAAX0301,Google Women's Tank Top,Home/Apparel/Women's/Women's-T-Shirts/,18990000
GGOEGAAX0302,Android Women's Racer Back Tank Black,Home/Apparel/Women's/Women's-T-Shirts/,18990000
GGOEGAAX0304,Google Women's 3/4 Sleeve Baseball Raglan Heather/Black,Home/Apparel/Women's/,15990000
GGOEGAAX0305,YouTube Womens 3/4 Sleeve Baseball Raglan White/Black,Home/Shop by Brand/YouTube/,19990000
GGOEGAAX0306,Google Women's Recycled Fabric Tee,Home/Apparel/Women's/Women's-T-Shirts/,19990000
GGOEGAAX0307,Google Men's 3/4 Sleeve Raglan Henley Grey,Home/Apparel/Men's/Men's-T-Shirts/,24990000
GGOEGAAX0308,Google Women's Long Sleeve Blended Cardigan Charcoal,Home/Apparel/Women's/Women's-Outerwear/,29990000
GGOEGAAX0309,Android Women's Long Sleeve Blended Cardigan Grey,Home/Apparel/Women's/Women's-Outerwear/,29990000
GGOEGAAX0310,Google Men's Heavyweight Long Sleeve Hero Tee Burgundy,Home/Apparel/Men's/Men's-T-Shirts/,39990000
GGOEGAAX0311,Google Men's Heavyweight Long Sleeve Hero Tee Navy,Home/Apparel/Men's/Men's-T-Shirts/,39990000
GGOEGAAX0312,Android Heavyweight Long Sleeve Badge Tee Black,Home/Apparel/Men's/,39990000
GGOEGAAX0313,Google Tri-blend Hoodie Grey,Home/Apparel/Men's/Men's-Outerwear/,39990000
GGOEGAAX0314,YouTube Men's 3/4 Sleeve Henley,Home/Apparel/Men's/Men's-T-Shirts/,24990000
GGOEGAAX0315,Google 3/4 Sleeve Raglan Badge Henley Black,Home/Apparel/,24990000
GGOEGAAX0316,Android Men's 3/4 Sleeve Raglan Henley Black,Home/Shop by Brand/Android/,24990000
GGOEGAAX0317,YouTube Men's Short Sleeve Hero Tee White,Home/Apparel/Men's/Men's-T-Shirts/,16990000
GGOEGAAX0318,YouTube Men's Short Sleeve Hero Tee Black,Home/Apparel/Men's/Men's-T-Shirts/,16990000
GGOEGAAX0319,Android Men's Short Sleeve Hero Tee Heather,Home/Shop by Brand/Android/,18990000
GGOEGAAX0320,Android Men's Short Sleeve Hero Tee White,Home/Apparel/Men's/Men's-T-Shirts/,16990000
GGOEGAAX0321,Google Men's Short Sleeve Hero Tee Light Blue,Home/Apparel/Men's/Men's-T-Shirts/,18990000
GGOEGAAX0323,Google Men's Short Sleeve Hero Tee Charcoal,Home/Apparel/Men's/Men's-T-Shirts/,18990000
GGOEGAAX0324,Android Men's Short Sleeve Tri-blend Hero Tee Grey,Home/Shop by Brand/Android/,18990000
GGOEGAAX0325,YouTube Men's Short Sleeve Hero Tee Charcoal,Home/Apparel/Men's/Men's-T-Shirts/,18990000
GGOEGAAX0326,Google Men's Short Sleeve Badge Tee Charcoal,Home/Apparel/Men's/Men's-T-Shirts/,19990000
GGOEGAAX0327,Google Men's Skater Tee Grey,Home/Apparel/Men's/Men's-T-Shirts/,20990000
GGOEGAAX0328,Google Men's Skater Tee Charcoal,Home/Apparel/Men's/Men's-T-Shirts/,20990000
GGOEGAAX0329,Android Men's Skater Badge Tee Charcoal,Home/Shop by Brand/Android/,19990000
GGOEGAAX0330,YouTube Men's Skater Tee Charcoal,Home/Shop by Brand/YouTube/,19990000
GGOEGAAX0331,Google Men's Long Sleeve Raglan Ocean Blue,Home/Apparel/Men's/Men's-T-Shirts/,24990000
GGOEGAAX0332,Google Men's Long Sleeve Baseball Raglan Cranberry,Home/Apparel/Men's/Men's-T-Shirts/,24990000
GGOEGAAX0333,Google Men's Long Sleeve Pullover Crew Tee Heather,Home/Apparel/,34990000
GGOEGAAX0334,Android Men's Long Sleeve Badge Crew Tee Heather,Home/Apparel/Men's/Men's-T-Shirts/,34990000
GGOEGAAX0335,YouTube Men's Long Sleeve Pullover Badge Tee Heather,Home/Shop by Brand/YouTube/,34990000
GGOEGAAX0338,Google Men's Vintage Badge Tee Black,Home/Apparel/Men's/Men's-T-Shirts/,18990000
GGOEGAAX0339,Google Men's Vintage Badge Tee White,Home/Apparel/Men's/Men's-T-Shirts/,18990000
GGOEGAAX0340,Google Men's Vintage Badge Tee Sage,Home/Apparel/Men's/Men's-T-Shirts/,18990000
GGOEGAAX0341,Google Women's Vintage Hero Tee Black,Home/Apparel/Women's/,18990000
GGOEGAAX0342,Google Women's Vintage Hero Tee White,Home/Apparel/Women's/Women's-T-Shirts/,15190000
GGOEGAAX0343,Google Women's Vintage Hero Tee Lavender,Home/Apparel/Women's/,18990000
GGOEGAAX0344,Google Women's Vintage Hero Tee Platinum,Home/Apparel/Women's/,18990000
GGOEGAAX0345,Android Men's Vintage Tee,Home/Apparel/Men's/Men's-T-Shirts/,18990000
GGOEGAAX0346,YouTube Men's Vintage Tee,Home/Apparel/Men's/Men's-T-Shirts/,18990000
GGOEGAAX0348,Android BTTF Cosmos Graphic Tee,Home/Shop by Brand/Android/,19990000
GGOEGAAX0349,Android BTTF Moonshot Graphic Tee,Home/Shop by Brand/Android/,19990000
GGOEGAAX0350,Google Men's Bayside Graphic Tee,Home/Apparel/Men's/Men's-T-Shirts/,19990000
GGOEGAAX0351,YouTube Men's Vintage Henley,Home/Apparel/Men's/Men's-T-Shirts/,29990000
GGOEGAAX0352,Android Men's Vintage Henley,Home/Apparel/Men's/Men's-T-Shirts/,29990000
GGOEGAAX0353,Google Vintage Henley Grey/Black,Home/Apparel/Men's/Men's-T-Shirts/,29990000
GGOEGAAX0355,Google Men's Vintage Tank,Home/Apparel/Men's/Men's-T-Shirts/,20990000
GGOEGAAX0356,YouTube Men's Vintage Tank,Home/Apparel/Men's/Men's-T-Shirts/,20990000
GGOEGAAX0357,Android Men's Vintage Tank,Home/Apparel/Men's/Men's-T-Shirts/,20990000
GGOEGAAX0358,Google Men's  Zip Hoodie,Home/Apparel/Men's/,55990000
GGOEGAAX0359,Android Men's  Zip Hoodie,Home/Apparel/Men's/Men's-Outerwear/,55990000
GGOEGAAX0360,Google Women's Fleece Hoodie,Home/Apparel/Women's/,44790000
GGOEGAAX0361,Android Women's Fleece Hoodie,Home/Apparel/Women's/,55990000
GGOEGAAX0362,Google Men's Pullover Hoodie Grey,Home/Apparel/Men's/Men's-Outerwear/,51990000
GGOEGAAX0363,Google Women's Long Sleeve Tee Lavender,Home/Apparel/Women's/,19190000
GGOEGAAX0364,Google Women's Tee Grey,Home/Apparel/Women's/,23990000
GGOEGAAX0365,Google Women's Scoop Neck Tee Black,Home/Apparel/Women's/,19990000
GGOEGAAX0366,Google Women's Scoop Neck Tee White,Home/Apparel/Women's/,19990000
GGOEGAAX0367,Google Women's Scoop Neck Tee Green,Home/Apparel/Women's/Women's-T-Shirts/,19990000
GGOEGAAX0566,Google Men's Weatherblock Shell Jacket Black,Home/Apparel/Men's/Men's-Outerwear/,92990000
GGOEGAAX0567,Google Men's Softshell Jacket Black/Grey,Home/Apparel/Men's/Men's-Outerwear/,79190000
GGOEGAAX0568,Google Men's Watershed Full Zip Hoodie Grey,Home/Apparel/Men's/Men's-Outerwear/,109990000
GGOEGAAX0569,Google Men's Performance Full Zip Jacket Black,Home/Apparel/Men's/Men's-Outerwear/,119990000
GGOEGAAX0570,Google Men's Short Sleeve Performance Badge Tee Charcoal,Home/Apparel/Men's/Men's-Performance Wear/,43990000
GGOEGAAX0571,Google Men's Performance 1/4 Zip Pullover Heather/Black,Home/Apparel/Men's/Men's-Outerwear/,109990000
GGOEGAAX0572,Google Men's Colorblock Tee White/Heather,${escCatTitle},49990000
GGOEGAAX0573,Google Men's Lightweight Microfleece Jacket Black,Home/Apparel/Men's/,74990000
GGOEGAAX0574,Google Men's Performance Polo Grey/Black,Home/Apparel/Men's/Men's-T-Shirts/,89990000
GGOEGAAX0575,Google Women's Weatherblock Shell Jacket Black,Home/Apparel/Women's/Women's-Outerwear/,92990000
GGOEGAAX0576,Google Women's Softshell Jacket Black/Grey,Home/Apparel/,107990000
GGOEGAAX0577,Google Women's Performance Golf Polo Blue,Home/Apparel/Women's/,57990000
GGOEGAAX0578,Google Women's Performance Full Zip Jacket Black,(not set),119990000
GGOEGAAX0579,Google Women's Short Sleeve Performance Tee Charcoal,Home/Apparel/Women's/Women's-Performance Wear/,54990000
GGOEGAAX0580,Google Women's 1/4 Zip Jacket Charcoal,Home/Apparel/Women's/,87990000
GGOEGAAX0581,Google Women's Colorblock Tee White,Home/Apparel/,49990000
GGOEGAAX0582,Google Women's Lightweight Microfleece Jacket,Home/Apparel/Women's/,59990000
GGOEGAAX0583,Google Women's Performance Polo Grey/Black,Home/Apparel/Women's/Women's-T-Shirts/,89990000
GGOEGAAX0584,Google Women's Yoga Pants,Home/Apparel/Women's/Women's-Performance Wear/,98990000
GGOEGAAX0585,Google Women's Insulated Thermal Vest Navy,Home/Apparel/Women's/Women's-Outerwear/,119990000
GGOEGAAX0586,Google Women's Yoga Jacket Black,Home/Apparel/Women's/Women's-Outerwear/,104990000
GGOEGAAX0587,Google Women's Zip Hoodie Grey,Home/Apparel/Women's/Women's-Outerwear/,139990000
GGOEGAAX0588,Google Women's Shell Jacket Blue/Black,Home/Apparel/Women's/Women's-Outerwear/,94990000
GGOEGAAX0589,Google Men's Short Sleeve Performance Badge Tee Black,Home/Apparel/Men's/Men's-T-Shirts/,21990000
GGOEGAAX0590,Google Men's Short Sleeve Performance Badge Tee Navy,Home/Apparel/Men's/Men's-T-Shirts/,21990000
GGOEGAAX0591,Google Men's Short Sleeve Performance Badge Tee Pewter,Home/Apparel/Men's/Men's-Performance Wear/,17590000
GGOEGAAX0592,Google Men's Airflow 1/4 Zip Pullover Black,Home/Apparel/Men's/Men's-Outerwear/,55990000
GGOEGAAX0593,Google Men's Airflow 1/4 Zip Pullover Lapis,Home/Apparel/Men's/Men's-Outerwear/,55990000
GGOEGAAX0594,Google Men's Microfiber 1/4 Zip Pullover Grey/Black,Home/Apparel/Men's/Men's-Outerwear/,74990000
GGOEGAAX0595,Google Men's Microfiber 1/4 Zip Pullover Blue/Indigo,Home/Apparel/Men's/Men's-Outerwear/,74990000
GGOEGAAX0596,Google Men's Quilted Insulated Vest Black,Home/Apparel/Men's/Men's-Outerwear/,74990000
GGOEGAAX0597,Google Men's Quilted Insulated Vest Battleship Grey,Home/Apparel/Men's/Men's-Outerwear/,74990000
GGOEGAAX0598,Google Men's Convertible Vest-Jacket Pewter,Home/Apparel/Men's/Men's-Outerwear/,98990000
GGOEGAAX0599,Google Women's Short Sleeve Performance Tee Black,Home/Apparel/Women's/Women's-Performance Wear/,21990000
GGOEGAAX0600,Google Women's Short Sleeve Performance Tee Navy,Home/Apparel/Women's/Women's-Performance Wear/,21990000
GGOEGAAX0601,Google Women's Short Sleeve Performance Tee Pewter,Home/Apparel/Women's/Women's-Performance Wear/,21990000
GGOEGAAX0602,Google Women's 1/4 Zip Performance Pullover Black,Home/Apparel/Women's/Women's-Outerwear/,64990000
GGOEGAAX0603,Google Women's 1/4 Zip Performance Pullover Two-Tone Blue,Home/Apparel/Women's/Women's-Performance Wear/,64990000
GGOEGAAX0604,Google Women's Quilted Insulated Vest Black,Home/Apparel/Women's/Women's-Outerwear/,74990000
GGOEGAAX0605,Google Women's Quilted Insulated Vest White,Home/Apparel/Women's/Women's-Outerwear/,74990000
GGOEGAAX0606,Google Women's Convertible Vest-Jacket Black,Home/Apparel/Women's/Women's-Performance Wear/,98990000
GGOEGAAX0607,Google Women's Convertible Vest-Jacket Sea Foam Green,Home/Apparel/Women's/,79190000
GGOEGAAX0610,Google Onesie Red/Graphite,Home/Apparel/Kid's/Kid's-Infant/,23990000
GGOEGAAX0611,Google Onesie Red,${escCatTitle},19190000
GGOEGAAX0612,Google Onesie Royal Blue,Home/Apparel/Kid's/Kid's-Infant/,23990000
GGOEGAAX0613,Google Onesie Green,Home/Apparel/Kid's/,23990000
GGOEGAAX0614,YouTube Onesie Heather,Home/Shop by Brand/YouTube/,23990000
GGOEGAAX0615,Android Onesie Sprout Green,Home/Apparel/Kid's/Kid's-Infant/,23990000
GGOEGAAX0616,Android Onesie Baby Blue,Home/Shop by Brand/Android/,23990000
GGOEGAAX0617,Android Onesie Gold,Home/Apparel/Kid's/Kid's-Infant/,23990000
GGOEGAAX0618,Google Infant Short Sleeve Tee Red,Home/Apparel/Kid's/Kid's-Infant/,16990000
GGOEGAAX0619,Google Infant Short Sleeve Tee Royal Blue,Home/Apparel/Kid's/Kid's-Infant/,16990000
GGOEGAAX0620,Google Infant Short Sleeve Tee Green,Home/Apparel/Kid's/Kid's-Infant/,16990000
GGOEGAAX0621,Google Infant Short Sleeve Tee Cornflower Blue,Home/Apparel/Kid's/Kid's-Infant/,16990000
GGOEGAAX0622,Google Infant Short Sleeve Tee White,Home/Apparel/Kid's/Kid's-Infant/,16990000
GGOEGAAX0623,YouTube Infant Short Sleeve Tee Red,Home/Shop by Brand/YouTube/,16990000
GGOEGAAX0624,Android Infant Short Sleeve Tee Aqua,Home/Apparel/Kid's/Kid's-Infant/,16990000
GGOEGAAX0625,Android Infant Short Sleeve Tee Pewter,Home/Apparel/Kid's/Kid's-Infant/,16990000
GGOEGAAX0626,Android Infant Short Sleeve Tee Pink,Home/Apparel/Kid's/Kid's-Infant/,16990000
GGOEGAAX0627,Google Infant Zip Hood Pink,Home/Apparel/Kid's/,37990000
GGOEGAAX0628,Google Infant Zip Hood Royal Blue,Home/Apparel/Kid's/,37990000
GGOEGAAX0629,Google Baby Essentials Set,Home/Apparel/Kid's/,33990000
GGOEGAAX0630,Android Baby Essentials Baby Set,Home/Apparel/Kid's/Kid's-Infant/,33990000
GGOEGAAX0651,Google Toddler Short Sleeve Tee Red,Home/Apparel/Kid's/,16990000
GGOEGAAX0652,Google Toddler Short Sleeve T-shirt Royal Blue,Home/Apparel/,16990000
GGOEGAAX0653,Google Toddler Short Sleeve T-shirt Green,Home/Apparel/,16990000
GGOEGAAX0654,Google Toddler Short Sleeve T-shirt Yellow,Home/Apparel/,16990000
GGOEGAAX0655,Google Toddler Short Sleeve T-shirt Grey,Home/Apparel/,16990000
GGOEGAAX0656,Google Toddler Hoodie Royal Blue,Home/Apparel/Kid's/,37990000
GGOEGAAX0657,Google Toddler 1/4 Zip Fleece Pewter,Home/Apparel/Kid's/,37990000
GGOEGAAX0659,Google Toddler Raglan Shirt Blue Heather/Navy,Home/Apparel/Kid's/,23990000
GGOEGAAX0660,Google Toddler Sports T-shirt Red,Home/Apparel/Kid's/Kid's-Toddler/,18990000
GGOEGAAX0661,You Tube Toddler Short Sleeve Tee Red,Home/Shop by Brand/YouTube/,16990000
GGOEGAAX0662,Android Toddler Short Sleeve T-shirt Pewter,Home/Apparel/,16990000
GGOEGAAX0663,Android Toddler Short Sleeve T-shirt Pink,Home/Apparel/,16990000
GGOEGAAX0664,Android Toddler Short Sleeve T-shirt Aqua,Home/Apparel/,16990000
GGOEGAAX0671,Google Toddler Short Sleeve Tee White,Home/Apparel/Kid's/Kid's-Toddler/,16990000
GGOEGAAX0679,Google Youth Girl Tee Green,Home/Apparel/Kid's/Kids-Youth/,18990000
GGOEGAAX0680,Google Youth Baseball Raglan Heather/Black,Home/Apparel/Kid's/Kids-Youth/,24990000
GGOEGAAX0681,Google Youth Sports Tee Navy,Home/Apparel/Kid's/Kids-Youth/,21990000
GGOEGAAX0682,Google Youth Short Sleeve Tee Red,Home/Apparel/Kid's/Kids-Youth/,18990000
GGOEGAAX0683,Google Youth Short Sleeve T-shirt Royal Blue,Home/Apparel/Kid's/Kids-Youth/,18990000
GGOEGAAX0684,Google Youth Short Sleeve T-shirt Green,Home/Apparel/Kid's/Kids-Youth/,18990000
GGOEGAAX0685,Google Youth Short Sleeve T-shirt Yellow,Home/Apparel/Kid's/Kids-Youth/,18990000
GGOEGAAX0686,YouTube Youth Short Sleeve Tee Red,Home/Shop by Brand/YouTube/,18990000
GGOEGAAX0687,Android Youth Short Sleeve T-shirt Aqua,Home/Apparel/Kid's/Kids-Youth/,18990000
GGOEGAAX0688,Android Youth Short Sleeve T-shirt Pewter,Home/Apparel/Kid's/Kids-Youth/,18990000
GGOEGAAX0689,Google Youth Girl Hoodie,Home/Apparel/Kid's/Kids-Youth/,43990000
GGOEGAAX0690,Google Youth Short Sleeve Tee White,Home/Apparel/Kid's/Kids-Youth/,18990000
GGOEGAAX0729,Google Women's Performance Hero Tee Gunmetal,Home/Apparel/Women's/Women's-Performance Wear/,21990000
GGOEGAAX0730,Google Men's Performance Tee Gunmetal,Home/Apparel/Men's/Men's-T-Shirts/,21990000
GGOEGAAX0731,YouTube Men's Fleece Hoodie Black,Home/Apparel/Men's/Men's-Outerwear/,44790000
GGOEGAAX0732,YouTube Women's Fleece Hoodie Black,Home/Shop by Brand/YouTube/,55990000
GGOEGAAX0733,Google Women's Short Sleeve Hero Tee Heather,Home/Apparel/Women's/Women's-T-Shirts/,15190000
GGOEGAAX0734,Google Men's Short Sleeve Hero Tee Heather,Home/Apparel/Men's/Men's-T-Shirts/,18990000
GGOEGAAX0735,Google Collapsible Duffel,Home/Bags/More Bags/,21990000
GGOEGAAX0746,Google Women's Short Sleeve Badge Tee Navy,Home/Apparel/Women's/Women's-T-Shirts/,16990000
GGOEGAAX0747,Google Toddler Tee Fruit Games Pineapple,Home/Fruit Games/,23990000
GGOEGAAX0748,Google Toddler Tee Fruit Games Cherries,Home/Fruit Games/,23990000
GGOEGAAX0749,Google Toddler Tee Fruit Games Banana,Home/Fruit Games/,23990000
GGOEGAAX0750,Google Toddler Tee Fruit Games Strawberry,Home/Fruit Games/,23990000
GGOEGAAX0751,Google Toddler Tee Fruit Games Lemon,Home/Fruit Games/,23990000
GGOEGAAX0752,Google Youth Tee Fruit Games Pineapple,Home/Fruit Games/,25990000
GGOEGAAX0753,Google Youth Tee Fruit Games Cherries,Home/Fruit Games/,25990000
GGOEGAAX0754,Google Youth Tee Fruit Games Banana,Home/Fruit Games/,25990000
GGOEGAAX0755,Google Youth Tee Fruit Games Strawberry,Home/Fruit Games/,25990000
GGOEGAAX0756,Google Youth Tee Fruit Games Lemon,Home/Fruit Games/,25990000
GGOEGAAX0757,Google Adult Tee Fruit Games Dragonfruit,Home/Fruit Games/,26990000
GGOEGAAX0758,Google Adult Tee Fruit Games Cherries,Home/Fruit Games/,26990000
GGOEGAAX0759,Google Adult Tee Fruit Games Pineapple,Home/Fruit Games/,26990000
GGOEGAAX0761,Android Stretch Fit Hat Black,Home/Apparel/Headgear/,21990000
GGOEGAAX0781,Google Leather Journal,${escCatTitle},32990000
GGOEGAAX0795,25L Classic Rucksack,Home/Bags/Backpacks/,99990000
GGOEGACB023699,Yoga Block,Home/Accessories/,12990000
GGOEGADB056614,Men's Weatherblock Shell Jacket Black,Apparel,52070000
GGOEGADB056714,Men's Softshell Jacket Black/Grey,Apparel,79190000
GGOEGADB056915,Google Men's Performance Full Zip Jacket Black,Apparel,67190000
GGOEGADB057314,Google Men's Lightweight Microfleece Jacket Black,${productitem.product.origCatName},149980000
GGOEGADB057315,Google Men's Lightweight Microfleece Jacket Black,Apparel,59990000
GGOEGADB057316,Google Men's Lightweight Microfleece Jacket Black,Apparel,74990000
GGOEGADB059213,Google Men's Airflow 1/4 Zip Pullover Black,Apparel,28000000
GGOEGADB059215,Google Men's Airflow 1/4 Zip Pullover Black,Apparel,39190000
GGOEGADB059614,Google Men's Quilted Insulated Vest Black,(not set),52490000
GGOEGADB059615,Google Men's Quilted Insulated Vest Black,Apparel,59990000
GGOEGADC059313,Google Men's Airflow 1/4 Zip Pullover Lapis,(not set),28000000
GGOEGADC059314,Google Men's Airflow 1/4 Zip Pullover Lapis,Apparel,39190000
GGOEGADC059315,Google Men's Airflow 1/4 Zip Pullover Lapis,(not set),39190000
GGOEGADC059316,Google Men's Airflow 1/4 Zip Pullover Lapis,Apparel,69990000
GGOEGADC059513,Google Men's Microfiber 1/4 Zip Pullover Blue/Indigo,Apparel,30000000
GGOEGADJ056813,Google Men's Watershed Full Zip Hoodie Grey,(not set),55000000
GGOEGADJ056814,Google Men's Watershed Full Zip Hoodie Grey,Apparel,44000000
GGOEGADJ057113,Google Men's Performance 1/4 Zip Pullover Heather/Black,(not set),33000000
GGOEGADJ057114,Google Men's Performance 1/4 Zip Pullover Heather/Black,(not set),61590000
GGOEGADJ057116,Google Men's Performance 1/4 Zip Pullover Heather/Black,(not set),87990000
GGOEGADJ059414,Google Men's Microfiber 1/4 Zip Pullover Grey/Black,Apparel,59990000
GGOEGAEA030416,Google Womens 3/4 Sleeve Baseball Raglan Heather/Black,(not set),19990000
GGOEGAEB027813,Google Women's Short Sleeve Hero Tee Black,(not set),16990000
GGOEGAEB027814,Google Women's Short Sleeve Hero Tee Black,(not set),16990000
GGOEGAEB027815,Google Women's Short Sleeve Hero Tee Black,(not set),16990000
GGOEGAEB028614,Google Women's Short Sleeve V-Neck Tee Black,(not set),13590000
GGOEGAEB028615,Google Women's Short Sleeve V-Neck Tee Black,(not set),13590000
GGOEGAEB028616,Google Women's Short Sleeve V-Neck Tee Black,(not set),16990000
GGOEGAEB084513,BLM Sweatshirt,Apparel,33590000
GGOEGAEB084514,BLM Sweatshirt,Apparel,33590000
GGOEGAEB084515,BLM Sweatshirt,Apparel,33590000
GGOEGAEC029114,Google Women's Short Sleeve Shirt Blue,(not set),15190000
GGOEGAEC029115,Google Women's Short Sleeve Hero Tee Sky Blue,Apparel,18990000
GGOEGAEC033113,Google Men's Long Sleeve Raglan Ocean Blue,(not set),17490000
GGOEGAEC033114,Google Men's Long Sleeve Raglan Ocean Blue,(not set),24990000
GGOEGAEC033115,Google Men's Long Sleeve Raglan Ocean Blue,(not set),17490000
GGOEGAEC033117,Google Men's Long Sleeve Raglan Ocean Blue,Apparel,17490000
GGOEGAEE031014,Google Heavyweight Long Sleeve Hero Tee Burgundy,(not set),31990000
GGOEGAEJ028513,Google  Women's Muscle Tee,(not set),18990000
GGOEGAEJ028713,Google Women's Short Sleeve V-Neck Tee Dark Grey,(not set),13590000
GGOEGAEJ028714,Google Women's Short Sleeve V-Neck Tee Dark Grey,(not set),13590000
GGOEGAEJ029916,Google Women's V-Neck Tee Charcoal,(not set),18990000
GGOEGAEJ030714,Google Men's 3/4 Sleeve Raglan Henley Grey,Apparel,74970000
GGOEGAEJ030814,Google Women's Long Sleeve Blended Cardigan Charcoal,(not set),16790000
GGOEGAEJ031313,Google Tri-blend Hoodie Grey,Apparel,31990000
GGOEGAEJ031314,Google Tri-blend Hoodie Grey,${escCatTitle},31990000
GGOEGAEJ031315,Google Tri-blend Hoodie Grey,Apparel,31990000
GGOEGAEJ033313,Google Men's Long Sleeve Pullover Badge Tee Heather,Apparel,34990000
GGOEGAEJ033314,Google Men's Long Sleeve Pullover Badge Tee Heather,(not set),27990000
GGOEGAEJ035314,Google Vintage Henley Grey/Black,(not set),29990000
GGOEGAEJ035316,Google Vintage Henley Grey/Black,(not set),29990000
GGOEGAEL031113,Google Heavyweight Long Sleeve Hero Tee Navy,(not set),39990000
GGOEGAEL031114,Google Heavyweight Long Sleeve Hero Tee Navy,(not set),31990000
GGOEGAEQ027913,Google Women's Short Sleeve Hero Tee White,(not set),27180000
GGOEGAEQ027915,Google Women's Short Sleeve Hero Tee White,(not set),13590000
GGOEGAER029213,Google Women's Short Sleeve Shirt Red,(not set),18990000
GGOEGAER029214,Google Women's Short Sleeve Shirt Red,(not set),18990000
GGOEGAER029215,Google Women's Short Sleeve Shirt Red,(not set),18990000
GGOEGAER029216,Google Women's Short Sleeve Shirt Red,(not set),18990000
GGOEGAER029217,Google Women's Short Sleeve Shirt Red,(not set),18990000
GGOEGAER029713,Google Women's Short Sleeve Hero Tee Red Heather,Apparel,15190000
GGOEGAER029715,Google Women's Short Sleeve Hero Tee Red Heather,Apparel,15190000
GGOEGAER035513,Google Men's Vintage Tank,Apparel,11750000
GGOEGAFB035814,Google Men's  Zip Hoodie,(not set),44790000
GGOEGAFB035815,Google Men's  Zip Hoodie,(not set),55990000
GGOEGAFB035816,Google Men's  Zip Hoodie,Apparel,89580000
GGOEGAFJ036213,Google Men's Pullover Hoodie Grey,(not set),41590000
GGOEGAFJ036214,Google Men's Pullover Hoodie Grey,(not set),51990000
GGOEGAFJ036215,Google Men's Pullover Hoodie Grey,Apparel,51990000
GGOEGALB034113,Google Women's Vintage Hero Tee Black,(not set),15190000
GGOEGALB034114,Google Women's Vintage Hero Tee Black,Apparel,10630000
GGOEGALB034115,Google Women's Vintage Hero Tee Black,(not set),10630000
GGOEGALB034116,Google Women's Vintage T-Shirt Black,(not set),16990000
GGOEGALJ036413,Google Women's Tee Grey,Apparel,9600000
GGOEGALJ072913,Google Women's Performance Hero Tee Gunmetal,Apparel,15390000
GGOEGALP034313,Google Women's Vintage Hero Tee Lavender,Apparel,15190000
GGOEGALP034314,Google Women's Vintage Hero Tee Lavender,Apparel,7600000
GGOEGALP034315,Google Women's Vintage Hero Tee Lavender,Apparel,7600000
GGOEGALP036314,Google Women's Long Sleeve Tee Lavender,Apparel,9600000
GGOEGALQ034214,Google Women's Vintage Hero Tee White,Apparel,18990000
GGOEGALQ036613,Google Women's Scoop Neck Tee White,Apparel,11190000
GGOEGAPB057812,Women's Performance Full Zip Jacket Black,Apparel,67190000
GGOEGAPB058215,Google Women's Lightweight Microfleece Jacket,Apparel,59990000
GGOEGAPB058613,Google Women's Yoga Jacket Black,(not set),83990000
GGOEGAPB058614,Google Women's Yoga Jacket Black,(not set),83990000
GGOEGAPJ058016,Google Women's 1/4 Zip Jacket Charcoal,Apparel,61590000
GGOEGAQB036013,Google Women's Fleece Hoodie,Apparel,44790000
GGOEGAQB036014,Google Women's Fleece Hoodie,(not set),44790000
GGOEGAQB036015,Google Women's Fleece Hoodie,Apparel,44790000
GGOEGARJ058413,Google Women's Yoga Pants,Apparel,79190000
GGOEGATB060213,Google Women's 1/4 Zip Performance Pullover Black,(not set),51990000
GGOEGATB060214,Google Women's 1/4 Zip Performance Pullover Black,Apparel,51990000
GGOEGATB060414,Google Women's Quilted Insulated Vest Black,(not set),59990000
GGOEGATB060416,Google Women's Quilted Insulated Vest Black,Apparel,59990000
GGOEGATB060614,Google Women's Convertible Vest-Jacket Black,Apparel,29700000
GGOEGATC060313,Google Women's 1/4 Zip Performance Pullover Two-Tone Blue,(not set),51990000
GGOEGATC060314,Google Women's 1/4 Zip Performance Pullover Two-Tone Blue,Apparel,51990000
GGOEGATJ060513,Google Women's Quilted Insulated Vest White,Apparel,59990000
GGOEGAWC061248,Google Onesie Royal Blue,Apparel,23990000
GGOEGAWC062149,Google Infant Short Sleeve Tee Cornflower Blue,(not set),16990000
GGOEGAWC062848,Google Infant Zip Hood Royal Blue,(not set),30390000
GGOEGAWC062849,Google Infant Zip Hood Royal Blue,(not set),37990000
GGOEGAWC062850,Google Infant Zip Hood Royal Blue,Apparel,30390000
GGOEGAWH061349,Google Onesie Green,Apparel,19190000
GGOEGAWQ062248,Google Infant Short Sleeve Tee White,(not set),13590000
GGOEGAWQ062250,Google Infant Short Sleeve Tee White,Apparel,13590000
GGOEGAWQ062948,Google Baby Essentials Set,Apparel,19030000
GGOEGAWQ062949,Google Baby Essentials Set,(not set),33990000
GGOEGAWR061048,Google Onesie Red/Graphite,Apparel,19190000
GGOEGAWR061049,Google Onesie Red/Graphite,(not set),23990000
GGOEGAWR061148,Google Onesie Red,Apparel,57570000
GGOEGAWR061149,Google Onesie Red,Apparel,38380000
GGOEGAWR061153,Google Onesie Red,(not set),19190000
GGOEGAXC065630,Google Toddler Hoodie Royal Blue,Apparel,30390000
GGOEGAXJ065755,Google Toddler 1/4 Zip Fleece Pewter,(not set),30390000
GGOEGAXL065955,Google Toddler Raglan Shirt Blue Heather/Navy,Apparel,23990000
GGOEGAXT065430,Google Toddler Short Sleeve T-shirt Yellow,(not set),11890000
GGOEGAXT065455,Google Toddler Short Sleeve T-shirt Yellow,(not set),16990000
GGOEGAYL068125,Google Youth Sports Tee Navy,Apparel,17590000
GGOEGAYQ069024,Google Youth Short Sleeve Tee White,Apparel,15190000
GGOEGAYQ069026,Google Youth Short Sleeve Tee White,(not set),18990000
GGOEGAYR023499,Straw Beach Mat,Home/Accessories/Fun/,9990000
GGOEGAYR068225,Google Youth Short Sleeve Tee Red,(not set),18990000
GGOEGAYR068226,Google Youth Short Sleeve Tee Red,(not set),18990000
GGOEGBCR024399,Google Lunch Bag,Home/Accessories/,13990000
GGOEGBFC018799,Electronics Accessory Pouch,Home/Electronics/,4990000
GGOEGBJB022599,Large Zipper Top Tote Bag,Home/Bags/,34990000
GGOEGBJC014399,Google Tote Bag,Home/Bags/,9990000
GGOEGBJC019999,Collapsible Shopping Bag,Home/Bags/,4990000
GGOEGBJC076099,Google Canvas Tote Fruit Games Lemon,Home/Fruit Games/,21990000
GGOEGBJL013999,Google Canvas Tote Natural/Navy,Home/Bags/,15990000
GGOEGBJR018199,Reusable Shopping Bag,Home/Bags/Shopping and Totes/,3500000
GGOEGBMB073799,Google Zipper-front Sports Bag,Home/Bags/,19990000
GGOEGBMC056599,Waterproof Gear Bag,Home/Bags/More Bags/,79990000
GGOEGBMJ013399,Sport Bag,Home/Bags/,4990000
GGOEGBPB021199,Google Slim Utility Travel Bag,Home/Bags/,14990000
GGOEGBPB081999,UpCycled Bike Saddle Bag,Home/Bags/,49990000
GGOEGBPB082099,UpCycled Handlebar Bag,Home/Accessories/Sports & Fitness/,59990000
GGOEGBRA037499,Waterproof Backpack,Home/Shop by Brand/Google/,99990000
GGOEGBRB013899,Google Laptop Backpack,Home/Bags/Backpacks/,99990000
GGOEGBRB073899,Google Laptop Tech Backpack,Home/Bags/Backpacks/,47990000
GGOEGBRB079599,25L Classic Rucksack,(not set),99990000
GGOEGBRC021399,Yoga Mat Blue,Lifestyle,18390000
GGOEGBRJ037299,Google Alpine Style Backpack,Home/Shop by Brand/Google/,99990000
GGOEGBRJ037399,Google Rucksack,Home/Shop by Brand/Google/,69990000
GGOEGCBB074199,Google Car Clip Phone Holder,Home/Electronics/Electronics Accessories/,6990000
GGOEGCBB074399,Google Device Holder Sticky Pad,Home/Electronics/Electronics Accessories/,4990000
GGOEGCBC074299,Google Device Stand,Home/Electronics/Electronics Accessories/,4990000
GGOEGCBQ016499,SPF-15 Slim & Slender Lip Balm,Home/Accessories/Fun/,2500000
GGOEGCGB022199,Fashion Sunglasses & Pouch,Home/Apparel/,4500000
GGOEGCKQ013199,1 oz Hand Sanitizer,Home/Accessories/Fun/,1990000
GGOEGCLB020832,Softsided Travel Pouch Set,Home/Bags/,10990000
GGOEGCMB020932,Suitcase Organizer Cubes,Home/Accessories/Fun/,21990000
GGOEGCNB021099,Seat Pack Organizer,Home/Accessories/Fun/,11990000
GGOEGCVB072399,Google Executive Umbrella,Home/Lifestyle/,34990000
GGOEGDHA018899,Stadium Cups-Sets of 4,Home/Accessories/Drinkware/,4990000
GGOEGDHB071999,Google 40 oz Insulated Monster Bottle,Home/Drinkware/,33990000
GGOEGDHB072099,Google Insulated Stainless Steel Bottle,Home/Drinkware/,19990000
GGOEGDHB072199,Google Accent Insulated Stainless Steel Bottle,Home/Drinkware/,24990000
GGOEGDHC015299,23 oz Wide Mouth Sport Bottle,Home/Drinkware/Water Bottles and Tumblers/,10990000
GGOEGDHC017999,24 oz USA Made Aluminum Bottle,Home/Drinkware/Water Bottles and Tumblers/,9990000
GGOEGDHC018299,Google 22 oz Water Bottle,Drinkware,35850000
GGOEGDHC074099,Google 17oz Stainless Steel Sport Bottle,Home/Drinkware/Water Bottles and Tumblers/,18990000
GGOEGDHC082299,Google 25 oz Blue Stainless Steel Bottle,Home/Drinkware/Water Bottles and Tumblers/,13990000
GGOEGDHG014499,Google Infuser-Top Water Bottle,Home/Drinkware/,9990000
GGOEGDHG082499,Google 25 oz Clear Stainless Steel Bottle,Home/Shop by Brand/Google/,13990000
GGOEGDHJ082599,Google 17 oz Double Wall Stainless Steel Insulated Bottle,Home/Drinkware/Water Bottles and Tumblers/,24990000
GGOEGDHQ014899,20 oz Stainless Steel Insulated Tumbler,Home/Drinkware/Water Bottles and Tumblers/,24990000
GGOEGDHQ015399,26 oz Double Wall Insulated Bottle,Home/Drinkware/Water Bottles and Tumblers/,24990000
GGOEGDHR018499,Google 22 oz Water Bottle,Drinkware,35850000
GGOEGDHR082199,Google 25 oz Red Stainless Steel Bottle,Home/Drinkware/Water Bottles and Tumblers/,13990000
GGOEGDWC020199,Engraved Ceramic Google Mug,Home/Drinkware/Mugs and Cups/,8990000
GGOEGDWR015799,Red Shine 15 oz Mug,Home/Drinkware/,12990000
GGOEGEDQ023899,4-in-1 Carabiner Charger,Home/Lifestyle/,24990000
GGOEGEFQ071399,Google Phone Sanitizer,Home/Electronics/Electronics Accessories/,97990000
GGOEGEFR024199,Metal Earbuds with Small Zipper Case,Home/Electronics/Audio/,10990000
GGOEGEGQ024299,Grip Kit Cable Organizer,Home/Accessories/,16990000
GGOEGEHB071499,Google PowerKit,Home/Electronics/,73990000
GGOEGEHQ024099,Clip-on Compact Charger,Home/Electronics/,59990000
GGOEGEHQ071199,"Google High Capacity 10,400mAh Charger",Home/Electronics/Power/,58990000
GGOEGEHQ072499,Google 2200mAh Micro Charger,Home/Electronics/Power/,22990000
GGOEGEHQ072599,Google 4400mAh Power Bank,Home/Electronics/Power/,37990000
GGOEGESB015099,Basecamp Explorer Powerbank Flashlight,Home/Electronics/,22990000
GGOEGESB015199,Google Flashlight,Home/Electronics/,59990000
GGOEGESC014099,Rocket Flashlight,Home/Electronics/,4990000
GGOEGESC014699,Aluminum Handy Emergency Flashlight,Home/Electronics/Flashlights/,16990000
GGOEGESQ016799,Plastic Sliding Flashlight,Home/Electronics/,12990000
GGOEGETB023799,Google Power Bank,Home/Electronics/,55990000
GGOEGETR014599,Google Tube Power Bank,Home/Electronics/,16990000
GGOEGEVA022399,Micro Wireless Earbud,Home/Electronics/,39990000
GGOEGEVB070499,Google Bluetooth Headphones,Home/Electronics/Audio/,49990000
GGOEGEVB070599,Google G Noise-reducing Bluetooth Headphones,Home/Electronics/Audio/,145990000
GGOEGEVB070699,Google Bluetooth Speaker-Power Bank,Home/Electronics/Audio/,76990000
GGOEGEVB070899,Google Bongo Cupholder Bluetooth Speaker,Home/Electronics/Audio/,59990000
GGOEGEVB071299,Digital Lightshow Smart Speaker and Notification Center,Home/Electronics/Audio/,104990000
GGOEGEVB071799,Google Pocket Bluetooth Speaker,Home/Electronics/Audio/,27990000
GGOEGEVJ023999,Compact Bluetooth Speaker,Home/Electronics/Audio/,79990000
GGOEGEVR014999,Google Water Resistant Bluetooth Speaker,Home/Electronics/,34990000
GGOEGFAQ016699,Bottle Opener Clip,Home/Drinkware/,3500000
GGOEGFKA022299,Keyboard DOT Sticker,Home/Electronics/,1500000
GGOEGFKQ020399,Google Laptop and Cell Phone Stickers,Home/Shop by Brand/Google/,2990000
GGOEGFKQ020799,Google Doodle Decal,Home/Shop by Brand/Google/,2990000
GGOEGFPR113699,16 oz. Hot and Cold Tumbler,Home/Shop by Brand/,10990000
GGOEGFQB013799,Compact Selfie Stick,Home/Electronics/,8990000
GGOEGFSR022099,Google Kick Ball,Home/Accessories/Fun/,1990000
GGOEGFYQ016599,Foam Can and Bottle Cooler,Home/Accessories/,1990000
GGOEGGCX056199,Gift Card- $100.00,Home/Gift Cards/,100000000
GGOEGGCX056299,Gift Card - $25.00,Home/Gift Cards/,25000000
GGOEGGCX056399,Gift Card - $250.00,Home/Gift Cards/,250000000
GGOEGGCX056499,Gift Card - $50.00,Home/Gift Cards/,50000000
GGOEGGOA017399,Maze Pen,Home/Office/Writing Instruments/,990000
GGOEGHGC019799,Google Sunglasses,(not set),3500000
GGOEGHGH019699,Google Sunglasses,Lifestyle,2800000
GGOEGHGR019499,Google Sunglasses,Lifestyle,2800000
GGOEGHGT019599,Google Sunglasses,Lifestyle,2800000
GGOEGHPA002910,Google Trucker Hat,Home/Apparel/,21990000
GGOEGHPA003010,Google Wool Heather Cap Heather/Navy,Home/Apparel/,24990000
GGOEGHPB003410,Google Snapback Hat Black,Home/Shop by Brand/Google/,22990000
GGOEGHPB071610,Google Twill Cap,Home/Apparel/,10990000
GGOEGHPB080410,Google 5-Panel Snapback Cap,Home/Apparel/Headgear/,18990000
GGOEGHPJ080010,Google French Terry Cap,Home/Apparel/,18990000
GGOEGHPJ080110,Google 5-Panel Cap,Home/Shop by Brand/Google/,18990000
GGOEGHPJ080310,Google Blackout Cap,Home/Shop by Brand/Google/,18990000
GGOEGHPL003113,Google Stretch Fit Hat S/M Navy,Headgear,17590000
GGOEGHPL003214,Google Stretch Fit Hat M/L Navy,(not set),21990000
GGOEGKAA019299,Switch Tone Color Crayon Pen,Home/Accessories/Fun/,1990000
GGOEGKWQ060910,Google Bib White,Home/Apparel/,11990000
GGOEGKWR060810,Google Bib Red,Home/Apparel/,11990000
GGOEGOAA017099,Ballpoint Stick Pen 4 Pack,Home/Office/,3990000
GGOEGOAA017199,Rubber Grip Ballpoint Pen 4 Pack,Home/Office/Writing Instruments/,4990000
GGOEGOAB012999,Ballpoint Pen & Matching Tube Case,Home/Office/,5990000
GGOEGOAB015899,Bic Digital Clic Stic Stylus Pen,Home/Office/,1500000
GGOEGOAB016099,Leather and Metal Ballpoint Pen,Home/Office/Writing Instruments/,17990000
GGOEGOAB021499,Metal Texture Roller Pen,Home/Office/Writing Instruments/,28990000
GGOEGOAB021699,Google Ballpoint Pen Black,Home/Office/Writing Instruments/,1990000
GGOEGOAB022499,Satin Black Ballpoint Pen,Home/Office/Writing Instruments/,39990000
GGOEGOAC016199,Executive Twist Ballpoint Pen,Home/Office/Writing Instruments/,8990000
GGOEGOAC021799,Ballpoint Pen Blue,Home/Office/Writing Instruments/,990000
GGOEGOAJ021599,Gunmetal Roller Ball Pen,Home/Office/Writing Instruments/,19990000
GGOEGOAQ012899,Ballpoint LED Light Pen,Home/Office/Writing Instruments/,2500000
GGOEGOAQ015999,Bic Intensity Clic Gel Pen,Home/Office/,3500000
GGOEGOAQ018099,Pen Pencil & Highlighter Set,Home/Office/Writing Instruments/,3990000
GGOEGOAQ020099,Four Color Retractable Pen,Home/Office/,2990000
GGOEGOAR013099,Google Stylus Pen w/ LED Light,Home/Shop by Brand/Google/,5500000
GGOEGOAR013599,Ballpoint Stylus Pen,Home/Office/,5500000
GGOEGOAR021899,Retractable Ballpoint Pen Red,Home/Office/,1250000
GGOEGOAR021999,Color Changing Grip Pen,Home/Office/,1500000
GGOEGOBC078699,Google Luggage Tag,Home/Accessories/Fun/,8990000
GGOEGOBG023599,Colored Pencil Set,${escCatTitle},2990000
GGOEGOCB017499,Leatherette Journal,Home/Office/Notebooks & Journals/,10990000
GGOEGOCB078299,Google Leather Journal-Black,Notebooks & Journals,23090000
GGOEGOCC017599,Eco-Aware Large Recycled Journal Combo,(not set),3990000
GGOEGOCC017699,Compact Eco Journal,Home/Office/,3500000
GGOEGOCC077299,Google RFID Journal,Home/Office/Notebooks & Journals/,19990000
GGOEGOCC077999,Google Spiral Journal with Pen,Home/Office/Notebooks & Journals/,9990000
GGOEGOCD078199,Google Leather Journal-Brown,Office,65980000
GGOEGOCD078399,Google Leather Perforated Journal,Home/Office/Notebooks & Journals/,44990000
GGOEGOCL077699,Google Hard Cover Journal,Home/Office/Notebooks & Journals/,14990000
GGOEGOCR017899,Recycled Paper Journal Set,Office,7980000
GGOEGOCR078499,Google Spiral Leather Journal,(not set),23990000
GGOEGOCT019199,Red Spiral Google Notebook,Home/Office/Notebooks & Journals/,9990000
GGOEGODR017799,Recycled Mouse Pad,Home/Electronics/Electronics Accessories/,1500000
GGOEGOFH020299,Galaxy Screen Cleaning Cloth,Home/Electronics/Electronics Accessories/,1990000
GGOEGOGA016299,Grip Highlighter Pen 3 Pack,Home/Office/,9990000
GGOEGOLC013299,Spiral Notebook and Pen Set,Home/Office/Notebooks & Journals/,5990000
GGOEGOLC014299,Google Metallic Notebook Set,Home/Office/Notebooks & Journals/,5990000
GGOEGOXQ016399,Badge Holder,Home/Office/Office Other/,1990000
GGOEGPJC019099,7&quot; Dog Frisbee,(not set),1500000
GGOEGPJC203399,Crunch Noise Dog Toy,Home/Accessories/,4990000
GGOEGPXC023299,Google Collapsible Pet Bowl,(not set),4990000
GGOEGXXX0806,Google Men's Bike Short Sleeve Tee Charcoal,(not set),19990000
GGOEGXXX0845,BLM Sweatshirt,Home/Apparel/Men's/,41990000
GGOEWAEA083899,Waze Dress Socks,Home/Apparel/,8990000
GGOEWCKQ085457,Waze Pack of 9 Decal Set,Home/Shop by Brand/,16990000
GGOEWEBB082699,Waze Mobile Phone Vent Mount,Home/Electronics/Electronics Accessories/,6990000
GGOEWFKA082999,Waze Baby on Board Window Decal,Home/Accessories/Stickers/,2990000
GGOEWFKA083099,Waze Mood Happy Window Decal,Home/Accessories/Stickers/,1990000
GGOEWFKA083199,Waze Mood Original Window Decal,Home/Accessories/Stickers/,1990000
GGOEWFKA083299,Waze Mood Ninja Window Decal,Home/Accessories/Stickers/,1990000
GGOEWXXX0827,Waze Women's Short Sleeve Tee,(not set),18990000
GGOEWXXX0828,Waze Men's Short Sleeve Tee,(not set),18990000
GGOEWXXX0834,Waze Women's Typography Short Sleeve Tee,(not set),18990000
GGOEWXXX0835,Waze Men's Typography Short Sleeve Tee,Home/Apparel/Men's/,18990000
GGOEYAAB031814,YouTube Men's Short Sleeve Hero Tee Black,(not set),16990000
GGOEYAAB031815,YouTube Men's Short Sleeve Hero Tee Black,(not set),16990000
GGOEYAAB031816,YouTube Men's Short Sleeve Hero Tee Black,(not set),16990000
GGOEYAAB034614,YouTube Men's Vintage Tee,Apparel,18990000
GGOEYAAJ032515,YouTube Men's Short Sleeve Hero Tee Charcoal,(not set),30380000
GGOEYAAJ032516,YouTube Men's Short Sleeve Hero Tee Charcoal,(not set),15190000
GGOEYAAQ031713,YouTube Men's Short Sleeve Hero Tee White,Apparel,16990000
GGOEYAAQ031715,YouTube Men's Short Sleeve Hero Tee White,(not set),16990000
GGOEYAEA035117,YouTube Men's Vintage Henley,(not set),29990000
GGOEYAEB035617,YouTube Men's Vintage Tank,Apparel,14690000
GGOEYAEJ029013,YouTube Women's Short Sleeve Hero Tee Charcoal,Apparel,18990000
GGOEYAEJ029514,YouTube Women's Short Sleeve Tri-blend Badge Tee Charcoal,(not set),15190000
GGOEYAEJ029517,YouTube Women's Short Sleeve Tri-blend Badge Tee Charcoal,(not set),13290000
GGOEYAFB073113,YouTube Men's Fleece Hoodie Black,Apparel,31350000
GGOEYAFB073114,YouTube Men's Fleece Hoodie Black,Apparel,44790000
GGOEYAFB073115,YouTube Men's Fleece Hoodie Black,Apparel,55990000
GGOEYAQB073214,YouTube Women's Fleece Hoodie Black,(not set),55990000
GGOEYAQB073215,YouTube Women's Fleece Hoodie Black,Apparel,44790000
GGOEYAQB073217,YouTube Women's Fleece Hoodie Black,Apparel,55990000
GGOEYAWJ061449,YouTube Onesie Heather,(not set),23990000
GGOEYAWJ061453,YouTube Onesie Heather,Apparel,13430000
GGOEYAWR062348,YouTube Infant Short Sleeve Tee Red,(not set),16990000
GGOEYAYR068624,YouTube Youth Short Sleeve Tee Red,Apparel,18990000
GGOEYAYR068625,YouTube Youth Short Sleeve Tee Red,(not set),18990000
GGOEYDHJ019399,24 oz YouTube Sergeant Stripe Bottle,Home/Drinkware/Water Bottles and Tumblers/,7990000
GGOEYDHJ056099,22 oz YouTube Bottle Infuser,Home/Drinkware/Water Bottles and Tumblers/,4990000
GGOEYFKQ020699,YouTube Custom Decals,Home/Accessories/Stickers/,1990000
GGOEYHPA003510,YouTube Trucker Hat,Home/Shop by Brand/YouTube/,21990000
GGOEYHPA003610,YouTube Wool Heather Cap Heather/Black,Home/Apparel/,24990000
GGOEYHPB072210,YouTube Twill Cap,Home/Apparel/,10990000
GGOEYOBR078599,YouTube Luggage Tag,Home/Accessories/Fun/,8990000
GGOEYOCR077399,YouTube RFID Journal,Home/Office/Notebooks & Journals/,19990000
GGOEYOCR077799,YouTube Hard Cover Journal,Home/Office/Notebooks & Journals/,14990000
GGOEYOCR078099,YouTube Spiral Journal with Pen,Home/Shop by Brand/YouTube/,9990000
GGOEYOLR018699,YouTube Leatherette Notebook Combo,Home/Office/Notebooks & Journals/,6990000
GGOEYOLR080599,YouTube Notebook and Pen Set,Home/Office/Notebooks & Journals/,7990000
